post_id,media_id,relations
52,53,featured
55,56,featured
58,59,featured
61,62,featured
64,65,featured
67,68,featured
70,71,featured
73,74,featured
76,49,featured
78,79,featured
81,82,featured
84,49,featured
86,87,featured
89,90,featured
92,93,featured
95,96,featured
98,99,featured
98,4348,content
98,4349,content
98,4350,content
98,4351,content
101,102,featured
104,105,featured
107,108,featured
110,111,featured
113,114,featured
116,117,featured
119,120,featured
122,123,featured
125,126,featured
128,129,featured
131,79,featured
133,134,featured
136,137,featured
139,87,featured
141,90,featured
143,93,featured
145,102,featured
147,105,featured
149,53,featured
151,152,featured
154,155,featured
157,158,featured
196,4449,content
196,4451,content
196,4452,content
234,4494,content
